ARTHROTEC.29.txt0,"vaginal bleeding and cramping 2 years after menopause.
","vaginal bleeding and cramping 2 years after menopause
"
ARTHROTEC.29.txt1,"While this helped some with the joint pain, I was unpleasantly surprised at the return of my period after 2 years.
","While this helped some with the joint pain I was unpleasantly surprised at the return of my period after 2 years
"
ARTHROTEC.29.txt2,"I had severe endometriosis and adenomyosis all my life, plus the impairment in blood clotting due to EDS, so my doctor probably should not have prescribed this drug.
","I had severe endometriosis and adenomyosis all my life plus the impairment in blood clotting due to EDS so my doctor probably should not have prescribed this drug
"
ARTHROTEC.29.txt3,"I'm not taking any more tablets.
","Im not taking any more tablets
"
ARTHROTEC.29.txt4,"Cymbalta 120 mg per day helps enough with the pain.
","Cymbalta 120 mg per day helps enough with the pain
"
ARTHROTEC.99.txt0,"If I take the pill on an empty stomach I get a very faint sensation of queasiness .
","If I take the pill on an empty stomach I get a very faint sensation of queasiness 
"
ARTHROTEC.99.txt1,"almost to faint to notice.
","almost to faint to notice
"
ARTHROTEC.99.txt2,"However, I also get diarrhoea at least twice a day.
","However I also get diarrhoea at least twice a day
"
ARTHROTEC.99.txt3,"There are no gas pains and no other symptoms, so it's inconvenient more than anything else.
","There are no gas pains and no other symptoms so its inconvenient more than anything else
"
ARTHROTEC.99.txt4,"When I am on holiday at the coast I am pain free, mostly, so don't take any Arthrotec, but when I get back to a drier climate the pain is severe, so Arthrotec is very important to me and my quality of life.
","When I am on holiday at the coast I am pain free mostly so dont take any Arthrotec but when I get back to a drier climate the pain is severe so Arthrotec is very important to me and my quality of life
"
ARTHROTEC.99.txt5,"It also allows me to sleep.
","It also allows me to sleep
"
ARTHROTEC.68.txt0,"For the first 8 days of ever taking it, the only side effect was a similar feeling you get when you have an empty stomach and light nausea that lasted for no more that 30 minutes
","For the first 8 days of ever taking it the only side effect was a similar feeling you get when you have an empty stomach and light nausea that lasted for no more that 30 minutes
"
ARTHROTEC.68.txt1,"After 8 days, the feeling elevated to an annoying sharp pain in my stomach.
","After 8 days the feeling elevated to an annoying sharp pain in my stomach
"
ARTHROTEC.68.txt2,"Then two days later, I had to stop using it because the pain was becoming unbearable.
","Then two days later I had to stop using it because the pain was becoming unbearable
"
ARTHROTEC.68.txt3,"Now I have been off for two days and I still have the stomach pain.
","Now I have been off for two days and I still have the stomach pain
"
ARTHROTEC.68.txt4,"Aside from the stomach pain, it worked miracle on my nighttime spinal pain.
","Aside from the stomach pain it worked miracle on my nighttime spinal pain
"
ARTHROTEC.68.txt5,"Now I have to see my doctor again to see if I should keep taking it.
","Now I have to see my doctor again to see if I should keep taking it
"
ARTHROTEC.68.txt6,"I tried Naprosyn just before and had to stop taking it for the same reasons.
","I tried Naprosyn just before and had to stop taking it for the same reasons
"
ARTHROTEC.53.txt0,"From day one of taking this pill I have experienced a significant reduction of pain in both areas and no stiffness in my hands, where before had very little mobility in my right hand, I have however experienced extreme pain/heavy bleeding and dizziness during my period which is not normal for me.
","From day one of taking this pill I have experienced a significant reduction of pain in both areas and no stiffness in my hands where before had very little mobility in my right hand I have however experienced extreme painheavy bleeding and dizziness during my period which is not normal for me
"
ARTHROTEC.7.txt0,"started having a severe sudden onset headache in the back of head, resulted in trip to DR, BP was extrememly high, and pulse was high as well, after three shots, and 3 clonidine to bring down bp was recommend to visit ER.
","started having a severe sudden onset headache in the back of head resulted in trip to DR BP was extrememly high and pulse was high as well after three shots and 3 clonidine to bring down bp was recommend to visit ER
"
ARTHROTEC.7.txt1,"Had high BP for another 10 days, before it came back down to normal, and pulse is still extremely high 3 weeks after stopping the medicine.
","Had high BP for another 10 days before it came back down to normal and pulse is still extremely high 3 weeks after stopping the medicine
"
ARTHROTEC.7.txt2,"I only took for 7 days, and it caused this much problems.
","I only took for 7 days and it caused this much problems
"
ARTHROTEC.7.txt3,"Never again, I would not recommend this to use.
","Never again I would not recommend this to use
"
ARTHROTEC.7.txt4,"I have had 2 trips back to dr, since this happened and a third visit due to the tachycardia is schedule in 3 more days.
","I have had 2 trips back to dr since this happened and a third visit due to the tachycardia is schedule in 3 more days
"
ARTHROTEC.7.txt5,"I will not use anymore.
","I will not use anymore
"
ARTHROTEC.66.txt0,"very minor--slight nausea when taken on empty stomach--which was gone in 15 minutes.
","very minorslight nausea when taken on empty stomachwhich was gone in 15 minutes
"
ARTHROTEC.66.txt1,"gave me my life back.
","gave me my life back
"
ARTHROTEC.66.txt2,"concerned about long term effects.
","concerned about long term effects
"
ARTHROTEC.14.txt0,"Initially, I experienced a slight, but noticeable difference in pain level: the pain was less severe.
","Initially I experienced a slight but noticeable difference in pain level the pain was less severe
"
ARTHROTEC.14.txt1,"Within a few days, I noticed acid reflux shortly after taking, and it got progressively worse.
","Within a few days I noticed acid reflux shortly after taking and it got progressively worse
"
ARTHROTEC.14.txt2,"It got to the point that I was apprehensive about going to bed; I consistently found myself waking up with acidic bile in my mouth, tasting like I had thrown up.
","It got to the point that I was apprehensive about going to bed I consistently found myself waking up with acidic bile in my mouth tasting like I had thrown up
"
ARTHROTEC.36.txt0,"Took my 1st pill 5 hours ago & almost immediately experienced sever abdominal cramps.
","Took my 1st pill 5 hours ago  almost immediately experienced sever abdominal cramps
"
ARTHROTEC.36.txt1,"Much like period cramps.
","Much like period cramps
"
ARTHROTEC.36.txt2,"Just took 2 Advil to try & combat the cramping pain!
","Just took 2 Advil to try  combat the cramping pain
"
ARTHROTEC.36.txt3,"Also; some diarrhea.
","Also some diarrhea
"
ARTHROTEC.36.txt4,"Will not take any more of these!.
","Will not take any more of these
"
ARTHROTEC.91.txt0,"No side effects, but I always add acidophilous to my diet with any anti-inflammatories or antibiotics.
","No side effects but I always add acidophilous to my diet with any antiinflammatories or antibiotics
"
ARTHROTEC.91.txt1,"I am only taking 75 mg a day and it is wonderful for relieving all of my aches and pains.
","I am only taking 75 mg a day and it is wonderful for relieving all of my aches and pains
"
ARTHROTEC.12.txt0,"Some stomach sensitivity.
","Some stomach sensitivity
"
ARTHROTEC.12.txt1,"I am taking it only 1 time per day because of the possible side effects.
","I am taking it only 1 time per day because of the possible side effects
"
ARTHROTEC.12.txt2,"Without this drug I was severly restricted and could only walk less than 100 meters.
","Without this drug I was severly restricted and could only walk less than 100 meters
"
ARTHROTEC.12.txt3,"With the drug I can walk 1/2 km and function.
","With the drug I can walk 12 km and function
"
ARTHROTEC.12.txt4,"I am thinking of increasing it to twice per day and/or getting surgery and/or epidural steroid injection.
","I am thinking of increasing it to twice per day andor getting surgery andor epidural steroid injection
"
ARTHROTEC.39.txt0,"none but it wears off after 15 days.
","none but it wears off after 15 days
"
ARTHROTEC.39.txt1,"Natural cures are better; apple cidar vinegar can effectively cure arthritis and headaches; vitamin C crystals can help pain at high doses; the Gerson diet with no salt can cure migrains, Fibro etc see doctoryourself.com and 'just say no to drugs' (Nancy Reagan).
","Natural cures are better apple cidar vinegar can effectively cure arthritis and headaches vitamin C crystals can help pain at high doses the Gerson diet with no salt can cure migrains Fibro etc see doctoryourselfcom and just say no to drugs Nancy Reagan
"
ARTHROTEC.20.txt0,"I was experiencing lower back pain & noticed my spouse had some arthrotec 50mg anti inflammatory pills left.
","I was experiencing lower back pain  noticed my spouse had some arthrotec 50mg anti inflammatory pills left
"
ARTHROTEC.20.txt1,"So i read about it online then decided to take one.
","So i read about it online then decided to take one
"
ARTHROTEC.20.txt2,"Then about 20mins later i had MAJOR menstrual cramps & started bleeding.
","Then about 20mins later i had MAJOR menstrual cramps  started bleeding
"
ARTHROTEC.20.txt3,"i had rlly bad sickness & ended up puking.
","i had rlly bad sickness  ended up puking
"
ARTHROTEC.20.txt4,".
","
"
ARTHROTEC.20.txt5,"thank god i got the pill out my system, the pain stopped 10mins later but i am still menstrating.
","thank god i got the pill out my system the pain stopped 10mins later but i am still menstrating
"
ARTHROTEC.20.txt6,"This drug cant be good for you if it brought my period on when ive only just finished my last cycle 10 dyas prior to taking the drug!
","This drug cant be good for you if it brought my period on when ive only just finished my last cycle 10 dyas prior to taking the drug
"
ARTHROTEC.20.txt7,"I would not reccomend taking this drug if it hasnt been suggested by your physician.
","I would not reccomend taking this drug if it hasnt been suggested by your physician
"
ARTHROTEC.20.txt8,"I wont be making that mistake again!.
","I wont be making that mistake again
"
ARTHROTEC.37.txt0,"I took my first pill this morning, with food as noted.
","I took my first pill this morning with food as noted
"
ARTHROTEC.37.txt1,"Rode my bike 12 minutes to work & didn't think I could make it.
","Rode my bike 12 minutes to work  didnt think I could make it
"
ARTHROTEC.37.txt2,"Got to work, ran to the bathroom with SEVERE abdominal cramping, had massive diarrhea & severe cramping continued for 2 hours.
","Got to work ran to the bathroom with SEVERE abdominal cramping had massive diarrhea  severe cramping continued for 2 hours
"
ARTHROTEC.37.txt3,"I had to leave work & go home sick.
","I had to leave work  go home sick
"
ARTHROTEC.37.txt4,"I would much rather put up with my debilitating chronic knee pain (waiting for surgery) than to ever take another pill.
","I would much rather put up with my debilitating chronic knee pain waiting for surgery than to ever take another pill
"
ARTHROTEC.37.txt5,"I spent $100 on the stupid pills - what an utter & complete waste of money.
","I spent 100 on the stupid pills  what an utter  complete waste of money
"
ARTHROTEC.76.txt0,"swelling, bloating, increased appetite, empty stomach feeling,dry,itchy skin.
","swelling bloating increased appetite empty stomach feelingdryitchy skin
"
ARTHROTEC.76.txt1,"Arthrotec works wonders, but side effects worry me.
","Arthrotec works wonders but side effects worry me
"
ARTHROTEC.76.txt2,"Am trying to wean off it with glucoasamine/chondroitin and MSM, which are supposed to be good for arthritis, bone enhancement/elasticity etc
","Am trying to wean off it with glucoasaminechondroitin and MSM which are supposed to be good for arthritis bone enhancementelasticity etc
"
ARTHROTEC.76.txt3,"Taking all at same time now,pain is too great!
","Taking all at same time nowpain is too great
"
ARTHROTEC.76.txt4,"Was on IB 1600 a day and 2 tylenol 8's a day.
","Was on IB 1600 a day and 2 tylenol 8s a day
"
ARTHROTEC.76.txt5,"not enough.
","not enough
"
ARTHROTEC.60.txt0,"Took 1 pill with dinner, woke during the night with stomach pain.
","Took 1 pill with dinner woke during the night with stomach pain
"
ARTHROTEC.60.txt1,"In the morning I discovered that I had bled heavily during the night.
","In the morning I discovered that I had bled heavily during the night
"
ARTHROTEC.60.txt2,"Bleeding continued the next day with clotting.
","Bleeding continued the next day with clotting
"
ARTHROTEC.60.txt3,"Also developed a rash on my wrist.
","Also developed a rash on my wrist
"
ARTHROTEC.60.txt4,"Discontinued use after one pill!!.
","Discontinued use after one pill
"
ARTHROTEC.60.txt5,"After checking the web site and seeing the list of side effects for this medication, it is hard to believe that it was ever approved.
","After checking the web site and seeing the list of side effects for this medication it is hard to believe that it was ever approved
"
ARTHROTEC.60.txt6,"I do not recommend this medication for anyone.
","I do not recommend this medication for anyone
"
ARTHROTEC.60.txt7,"I have never had a reaction to any medication before.
","I have never had a reaction to any medication before
"
ARTHROTEC.60.txt8,"The complications of this drug outweight the benefits.
","The complications of this drug outweight the benefits
"
ARTHROTEC.97.txt0,"The symptoms got progressively worse with time.
","The symptoms got progressively worse with time
"
ARTHROTEC.97.txt1,"They included fluid retention, all over muscle pain, cramps.
","They included fluid retention all over muscle pain cramps
"
ARTHROTEC.97.txt2,"I stopped taking them a week ago and felt much better the next day.
","I stopped taking them a week ago and felt much better the next day
"
ARTHROTEC.97.txt3,"Some of the side effects haven't totally disappeared but I'm improving with each day.
","Some of the side effects havent totally disappeared but Im improving with each day
"
ARTHROTEC.97.txt4,"My doctor doesn't believe that this medication could cause this reaction.
","My doctor doesnt believe that this medication could cause this reaction
"
ARTHROTEC.73.txt0,"I've been post-menopausal for five years and have now had a six day period with all the accompanying tender breasts, bloating, cramping etc
","Ive been postmenopausal for five years and have now had a six day period with all the accompanying tender breasts bloating cramping etc
"
ARTHROTEC.73.txt1,"I had only been taking on an ""as needed"" basis so one or two a day approx.
","I had only been taking on an as needed basis so one or two a day approx
"
ARTHROTEC.73.txt2,"every 3 to 4 weeks.
","every 3 to 4 weeks
"
ARTHROTEC.55.txt0,"I have nothing yet just took it my first time, but I am also on occupycet 5/325Nguyen
","I have nothing yet just took it my first time but I am also on occupycet 5325Nguyen
"
ARTHROTEC.55.txt1,"I have bad back and knew pain
","I have bad back and knew pain
"
ARTHROTEC.55.txt2,"has anyone been onthe same pills
","has anyone been onthe same pills
"
ARTHROTEC.55.txt3,"just felling really tied now clicking in this new pill.
","just felling really tied now clicking in this new pill
"
ARTHROTEC.72.txt0,"more frequent menstral periods (twice a month).
","more frequent menstral periods twice a month
"
ARTHROTEC.72.txt1,"Works but can realy tell how good it works when I had to go off of it.
","Works but can realy tell how good it works when I had to go off of it
"
ARTHROTEC.49.txt0,"Took one pill and 20 minutes later had intense pelvic and back pain.
","Took one pill and 20 minutes later had intense pelvic and back pain
"
ARTHROTEC.49.txt1,"Felt like a miscarriage (I've had 3 of them).
","Felt like a miscarriage Ive had 3 of them
"
ARTHROTEC.49.txt2,"This intense, horrid pain lasted 1.5 hours.
","This intense horrid pain lasted 15 hours
"
ARTHROTEC.49.txt3,"Then I had spotting.
","Then I had spotting
"
ARTHROTEC.49.txt4,"And terrible bloating and nausea.
","And terrible bloating and nausea
"
ARTHROTEC.32.txt0,"the first pill i took it caused severe abdominal pain but after taking the first one it never did that again , but recently i've been feeling like my stomach is full and empty at the same time hard to explain but thats what it felt like , and also have been getting bruises allover my body due to this drug , other than that my back is back to normal now and i am back at work.
","the first pill i took it caused severe abdominal pain but after taking the first one it never did that again  but recently ive been feeling like my stomach is full and empty at the same time hard to explain but thats what it felt like  and also have been getting bruises allover my body due to this drug  other than that my back is back to normal now and i am back at work
"
ARTHROTEC.54.txt0,"I have not experienced any of the side effects.
","I have not experienced any of the side effects
"
ARTHROTEC.54.txt1,"Arthrotec helps me get through the day.
","Arthrotec helps me get through the day
"
ARTHROTEC.71.txt0,"Within 5 minutes of taking drug, developed severe colon and uterine cramping.
","Within 5 minutes of taking drug developed severe colon and uterine cramping
"
ARTHROTEC.71.txt1,"Cold sweat, fainting, heart palpitations.
","Cold sweat fainting heart palpitations
"
ARTHROTEC.71.txt2,"Will never use again or recommend.
","Will never use again or recommend
"
ARTHROTEC.64.txt0,"i have experienced extreme stomach pain when taken on an empty stomach, and moderate stomach pain when taken with food.
","i have experienced extreme stomach pain when taken on an empty stomach and moderate stomach pain when taken with food
"
ARTHROTEC.64.txt1,"i also had some drowsiness after taking arthrotec.
","i also had some drowsiness after taking arthrotec
"
ARTHROTEC.64.txt2,"arthrotec works very well for my knee pain, more so than mobic or celebrex.
","arthrotec works very well for my knee pain more so than mobic or celebrex
"
ARTHROTEC.64.txt3,"however, i do experience stomach pain from time to time.
","however i do experience stomach pain from time to time
"
ARTHROTEC.80.txt0,"abdominal pain, constant soreness in abdomen, headache, general stomach upset feeling that won't go away before or after eating.
","abdominal pain constant soreness in abdomen headache general stomach upset feeling that wont go away before or after eating
"
ARTHROTEC.80.txt1,"
","
"
ARTHROTEC.80.txt2,"I was taking Celebrex until ineffective, then Vioxx, then Lodine, and now Arthrotec.
","I was taking Celebrex until ineffective then Vioxx then Lodine and now Arthrotec
"
ARTHROTEC.80.txt3,"I realize that a knee replacement is inevitable, and I need the medication, but the stomach pains are aggravating although bearable.
","I realize that a knee replacement is inevitable and I need the medication but the stomach pains are aggravating although bearable
"
ARTHROTEC.80.txt4,"
","
"
ARTHROTEC.5.txt0,"No side effects.
","No side effects
"
ARTHROTEC.5.txt1,"I tried the advertised Arthritis medicines with severe side-effects and only tried this one because the doctor had samples.
","I tried the advertised Arthritis medicines with severe sideeffects and only tried this one because the doctor had samples
"
ARTHROTEC.5.txt2,"Instead of taking the pill 2X daily, as prescribed I take it at most once per day, usually about 3-4 times per week, but often skipping a week or two at a time.
","Instead of taking the pill 2X daily as prescribed I take it at most once per day usually about 34 times per week but often skipping a week or two at a time
"
ARTHROTEC.5.txt3,"My arthritis has been under control for years and only causes me trouble if I skip taking the pills for about a month.
","My arthritis has been under control for years and only causes me trouble if I skip taking the pills for about a month
"
ARTHROTEC.5.txt4,"At the time this was prescribed the doctor was discussing the strongest possible medicines in serious (threatening) doses.
","At the time this was prescribed the doctor was discussing the strongest possible medicines in serious threatening doses
"
ARTHROTEC.5.txt5,"This drug has been a god-send for me.
","This drug has been a godsend for me
"
ARTHROTEC.83.txt0,"I developed severe abdominal pains, severe welts all over my legs from feet up to knees, swelling of throat, rapid heart beat and headaches.
","I developed severe abdominal pains severe welts all over my legs from feet up to knees swelling of throat rapid heart beat and headaches
"
ARTHROTEC.41.txt0,"Dizziness, sickness, stomach gas, feel like a bubble of air is stuck in my chest.
","Dizziness sickness stomach gas feel like a bubble of air is stuck in my chest
"
ARTHROTEC.41.txt1,"Hadn't realised it was related until I read this but I get the hunger pangs too, I'm assuming this is the acids and gas in your stomach constantly churning over that make you feel like you're hungry.
","Hadnt realised it was related until I read this but I get the hunger pangs too Im assuming this is the acids and gas in your stomach constantly churning over that make you feel like youre hungry
"
ARTHROTEC.41.txt2,"I've taken co-codamol for my fibromyalgia for many years which I have very few side effects with.
","Ive taken cocodamol for my fibromyalgia for many years which I have very few side effects with
"
ARTHROTEC.41.txt3,"I've recently had this severe hip pain on both sides which the co codamol wasn't touching so I went back to the Dr He recommended this anti-inflamatory and as he said next stop would be cortozone injections I was willing to give it a try.
","Ive recently had this severe hip pain on both sides which the co codamol wasnt touching so I went back to the Dr He recommended this antiinflamatory and as he said next stop would be cortozone injections I was willing to give it a try
"
ARTHROTEC.41.txt4,"I've tried it for a week but it makes me feel dreadful.
","Ive tried it for a week but it makes me feel dreadful
"
ARTHROTEC.41.txt5,"Every time I stand up I have to hold onto something for fear of falling over, I feel sick and light headed and I get those waves of nausea where you suddenly feel all clammy.
","Every time I stand up I have to hold onto something for fear of falling over I feel sick and light headed and I get those waves of nausea where you suddenly feel all clammy
"
ARTHROTEC.41.txt6,"It's very much like having a permanent hangover, even down to the hunger which until I read thsi site I hadn't connected to the rest of it.
","Its very much like having a permanent hangover even down to the hunger which until I read thsi site I hadnt connected to the rest of it
"
ARTHROTEC.41.txt7,"I've felt no discernible difference in the pain in my hips and the side effects simply aren't worth it so thats it for me and this drug.
","Ive felt no discernible difference in the pain in my hips and the side effects simply arent worth it so thats it for me and this drug
"
ARTHROTEC.86.txt0,"This medicine completely relieves my thumb pain, and really helps with my back pain.
","This medicine completely relieves my thumb pain and really helps with my back pain
"
ARTHROTEC.86.txt1,"BUT, it makes my stomach hurt soooo bad that I'm not sure what is worse.
","BUT it makes my stomach hurt soooo bad that Im not sure what is worse
"
ARTHROTEC.86.txt2,"I only use it when my thumbs hurt so bad I want to cry.
","I only use it when my thumbs hurt so bad I want to cry
"
ARTHROTEC.86.txt3,"Then I put up with the stomach pain.
","Then I put up with the stomach pain
"
ARTHROTEC.86.txt4,"It also give you diarrhea but I can handle that.
","It also give you diarrhea but I can handle that
"
ARTHROTEC.23.txt0,"Within half hour of taking this drug I suffered from excessive cramping.
","Within half hour of taking this drug I suffered from excessive cramping
"
ARTHROTEC.23.txt1,"lasted 1/2 hour and continued sporatically over course of several hours.
","lasted 12 hour and continued sporatically over course of several hours
"
ARTHROTEC.23.txt2,"Became tired,fatigue,shortness of breath from pain, dizzy,nausea, unconsolable.
","Became tiredfatigueshortness of breath from pain dizzynausea unconsolable
"
ARTHROTEC.23.txt3,"went hospital, but sat 5 hours never seen by doctor.
","went hospital but sat 5 hours never seen by doctor
"
ARTHROTEC.23.txt4,"drug wore off on its own and went home to rest.
","drug wore off on its own and went home to rest
"
ARTHROTEC.23.txt5,"Threw away the remaining pills.
","Threw away the remaining pills
"
ARTHROTEC.23.txt6,"Should be removed from market.
","Should be removed from market
"
ARTHROTEC.19.txt0,"1 month PRN.
","1 month PRN
"
ARTHROTEC.19.txt1,"Horrible lower pelvic pain.
","Horrible lower pelvic pain
"
ARTHROTEC.19.txt2,"Uterus contractions.
","Uterus contractions
"
ARTHROTEC.19.txt3,"Bloody vagina the next day.
","Bloody vagina the next day
"
ARTHROTEC.19.txt4,"Horrible gastric pain.
","Horrible gastric pain
"
ARTHROTEC.19.txt5,"I am looking for another drug to replace this one.
","I am looking for another drug to replace this one
"
ARTHROTEC.19.txt6,"I went to the OB GYN thinking there was something wrong with my uterus but I am completely ok.
","I went to the OB GYN thinking there was something wrong with my uterus but I am completely ok
"
ARTHROTEC.19.txt7,"I am not taking it again.
","I am not taking it again
"
ARTHROTEC.17.txt0,"just took the drug about 30 minutes ago and am now experiencing the worst abdominal pain ever, like mentstrual cramps/diarreah cramping combined.
","just took the drug about 30 minutes ago and am now experiencing the worst abdominal pain ever like mentstrual crampsdiarreah cramping combined
"
ARTHROTEC.17.txt1,"i had to keep dropping into a crouched position due to the severity of the lower abdominal pain.
","i had to keep dropping into a crouched position due to the severity of the lower abdominal pain
"
ARTHROTEC.17.txt2,"i was put on this medication because i was taking such high doses of Advil to quell the inflammation in my neck and back muscles that it caused me to have a GI bleed.
","i was put on this medication because i was taking such high doses of Advil to quell the inflammation in my neck and back muscles that it caused me to have a GI bleed
"
ARTHROTEC.17.txt3,"but after this little episode, and after reading that it can cause heavy menstrual bleeding, i highly doubt this drug is the best fit for my problem!!
","but after this little episode and after reading that it can cause heavy menstrual bleeding i highly doubt this drug is the best fit for my problem
"
ARTHROTEC.17.txt4,"i already have anemia due to the gastric bleed.
","i already have anemia due to the gastric bleed
"
ARTHROTEC.17.txt5,"how could my doctor not think of this?
","how could my doctor not think of this
"
ARTHROTEC.17.txt6,"i'm also starting to feel dizzy and light headed, and can feel acidic bile at the back of my throat.
","im also starting to feel dizzy and light headed and can feel acidic bile at the back of my throat
"
ARTHROTEC.17.txt7,"great!!
","great
"
ARTHROTEC.17.txt8,":|.
","
"
ARTHROTEC.93.txt0,"Extremely heavy menstral cycles, fatigue, slow healing & clotting.
","Extremely heavy menstral cycles fatigue slow healing  clotting
"
ARTHROTEC.93.txt1,"If I miss a day, headaches begin to creep in.
","If I miss a day headaches begin to creep in
"
ARTHROTEC.93.txt2,"Tried many others, this seemed to work best for quite some time.
","Tried many others this seemed to work best for quite some time
"
ARTHROTEC.93.txt3,"No day is pain free, though.
","No day is pain free though
"
ARTHROTEC.93.txt4,"Not bad on stomach - always take w/ milk or food.
","Not bad on stomach  always take w milk or food
"
ARTHROTEC.93.txt5,"This is genetic for me, so NSAIDs will be in my life for a while.
","This is genetic for me so NSAIDs will be in my life for a while
"
ARTHROTEC.93.txt6,"but fear long-term use of this one.
","but fear longterm use of this one
"
ARTHROTEC.31.txt0,"headaches, extreme tiredness, worse heartburn in back of throat, hunger pangs, dry mouth, severe lower abdominal pain/cramping, very irritable.
","headaches extreme tiredness worse heartburn in back of throat hunger pangs dry mouth severe lower abdominal paincramping very irritable
"
ARTHROTEC.31.txt1,"Helped with pain BUT side effects outweigh benefits.
","Helped with pain BUT side effects outweigh benefits
"
ARTHROTEC.31.txt2,"No periods for 10 years, but felt like the worst PMS symptoms ever.
","No periods for 10 years but felt like the worst PMS symptoms ever
"
ARTHROTEC.31.txt3,"This drug should not be taken by women unless misoprostol removed.
","This drug should not be taken by women unless misoprostol removed
"
ARTHROTEC.31.txt4,"As well, GERD much worse.
","As well GERD much worse
"
ARTHROTEC.31.txt5,"Stopped taking & contacted doctor.
","Stopped taking  contacted doctor
"
ARTHROTEC.38.txt0,"Upset stomach, nausea, vomiting, abdominal pain, constipation to loose bowels, excessive hot flashes and night sweats, blurred vision, irritability, chest discomfort.
","Upset stomach nausea vomiting abdominal pain constipation to loose bowels excessive hot flashes and night sweats blurred vision irritability chest discomfort
"
ARTHROTEC.38.txt1,"Took with food , did not help.
","Took with food  did not help
"
ARTHROTEC.38.txt2,"Took for 7 and 1/2 days.
","Took for 7 and 12 days
"
ARTHROTEC.38.txt3,"could not take another dose.
","could not take another dose
"
ARTHROTEC.38.txt4,"Very bad drug.
","Very bad drug
"
ARTHROTEC.38.txt5,"Would rather have the elbow pain!.
","Would rather have the elbow pain
"
ARTHROTEC.27.txt0,"One hour after taking Arthrotec, I experienced the sudden onset of severe mentrual cramps.
","One hour after taking Arthrotec I experienced the sudden onset of severe mentrual cramps
"
ARTHROTEC.27.txt1,"I am on the birth control pill and should not have my period for another 3 weeks.
","I am on the birth control pill and should not have my period for another 3 weeks
"
ARTHROTEC.27.txt2,"I am in so much pain that I cannot sleep, nor can I take Advil for the pain as it is also an NSAID.
","I am in so much pain that I cannot sleep nor can I take Advil for the pain as it is also an NSAID
"
ARTHROTEC.27.txt3,"The patient warning indicates that this drug can cause an abortion.
","The patient warning indicates that this drug can cause an abortion
"
ARTHROTEC.27.txt4,"I wish I'd read my entire monograph before taking the tablet.
","I wish Id read my entire monograph before taking the tablet
"
ARTHROTEC.27.txt5,"I would not recommend for women prior to menopause.
","I would not recommend for women prior to menopause
"
ARTHROTEC.27.txt6,"Nor sure why my doctor thought it would help my endo pain.
","Nor sure why my doctor thought it would help my endo pain
"
ARTHROTEC.46.txt0,"Naseua, vomiting, cramps, dry eyes, loss of appetite.
","Naseua vomiting cramps dry eyes loss of appetite
"
ARTHROTEC.13.txt0,"NSAID gastritis, severe stomach upset after prolonged use.
","NSAID gastritis severe stomach upset after prolonged use
"
ARTHROTEC.13.txt1,"false full feeling, very poor appetite.
","false full feeling very poor appetite
"
ARTHROTEC.13.txt2,"increased menstruation, 2-3 periods a month instead of once a month, menstrual cramps present with or without vaginal bleeding.
","increased menstruation 23 periods a month instead of once a month menstrual cramps present with or without vaginal bleeding
"
ARTHROTEC.13.txt3,"i would not recommend this medication for any female who has not already completed their menopausal phase.
","i would not recommend this medication for any female who has not already completed their menopausal phase
"
ARTHROTEC.2.txt0,"heartburn, nausea, frequent feelings of voracious hunger & sharp unbearable cramping pains in lower gut.
","heartburn nausea frequent feelings of voracious hunger  sharp unbearable cramping pains in lower gut
"
ARTHROTEC.2.txt1,"Did not seem to make a lot of difference to the pain it was supposed to be treating.
","Did not seem to make a lot of difference to the pain it was supposed to be treating
"
ARTHROTEC.2.txt2,"Stopped taking it after 13 days, prefer the pain in my forearms.
","Stopped taking it after 13 days prefer the pain in my forearms
"
ARTHROTEC.77.txt0,"Blurred vision, Stomach ache, Water retention, Throbbing headache.
","Blurred vision Stomach ache Water retention Throbbing headache
"
ARTHROTEC.77.txt1,"Elevated my blood glucose levels because I am also on Vasotec, Glyburide, Avandia.
","Elevated my blood glucose levels because I am also on Vasotec Glyburide Avandia
"
ARTHROTEC.77.txt2,"Beware of this drug.
","Beware of this drug
"
ARTHROTEC.94.txt0,"Experienced excruciating, unusual abdominal pain (bowel, uterine) and lower back pain for about 5 hours after taking (including diarrhea 6 times), and heart palpitations and vaginal bleeding for about a day after taking.
","Experienced excruciating unusual abdominal pain bowel uterine and lower back pain for about 5 hours after taking including diarrhea 6 times and heart palpitations and vaginal bleeding for about a day after taking
"
ARTHROTEC.94.txt1,"I took with 2 aspirin (which I've since learned is contraindicated) and some fruit.
","I took with 2 aspirin which Ive since learned is contraindicated and some fruit
"
ARTHROTEC.94.txt2,"This may be the reason for problems in my case.
","This may be the reason for problems in my case
"
ARTHROTEC.94.txt3,"I will not take it again as the pain was extreme, but others should be cautious to take with lots of food and no aspirin.
","I will not take it again as the pain was extreme but others should be cautious to take with lots of food and no aspirin
"
ARTHROTEC.11.txt0,"I have no side effects that I am aware of.
","I have no side effects that I am aware of
"
ARTHROTEC.11.txt1,"I have tried various pain meds for the shoulder and nothing worked.
","I have tried various pain meds for the shoulder and nothing worked
"
ARTHROTEC.11.txt2,"I was skeptical when my doctor asked me to try Arthrotec but my pain is totally under control without any apparent side effects.
","I was skeptical when my doctor asked me to try Arthrotec but my pain is totally under control without any apparent side effects
"
ARTHROTEC.9.txt0,"vomitting - I have to fight to not throw up I am supposed to take this twice a day - but it makes me soooooo sick that I take literally as I a going to bed, so that I am asleep before the sickness kicks in.
","vomitting  I have to fight to not throw up I am supposed to take this twice a day  but it makes me soooooo sick that I take literally as I a going to bed so that I am asleep before the sickness kicks in
"
ARTHROTEC.9.txt1,"I have tried and tried to take the day dose - but I would rather live without the sickness - its just too awful.
","I have tried and tried to take the day dose  but I would rather live without the sickness  its just too awful
"
ARTHROTEC.9.txt2,"very painful joints - but with this tablet, the pain is much much reduced.
","very painful joints  but with this tablet the pain is much much reduced
"
ARTHROTEC.9.txt3,"If I miss a couple of days I really know about it.
","If I miss a couple of days I really know about it
"
ARTHROTEC.9.txt4,"If I could find the same sort of thing without the EXTREME nausea - I would switch drugs in teh blink of an eye.
","If I could find the same sort of thing without the EXTREME nausea  I would switch drugs in teh blink of an eye
"
ARTHROTEC.85.txt0,"Horrible stuff.
","Horrible stuff
"
ARTHROTEC.85.txt1,"how did this ever pass scrutiny of the powers that be.
","how did this ever pass scrutiny of the powers that be
"
ARTHROTEC.85.txt2,"Crazy side effects.
","Crazy side effects
"
ARTHROTEC.85.txt3,"Dizziness while rolling over while sleeping and faintness and disorientation upon sitting up in the morning.
","Dizziness while rolling over while sleeping and faintness and disorientation upon sitting up in the morning
"
ARTHROTEC.85.txt4,"Major stomach pain, massive gas cramps and bloating.
","Major stomach pain massive gas cramps and bloating
"
ARTHROTEC.85.txt5,"Could not stop going to the bathroom with the runs.
","Could not stop going to the bathroom with the runs
"
ARTHROTEC.85.txt6,"Thought I was having a heart attack or stroke coming on.
","Thought I was having a heart attack or stroke coming on
"
ARTHROTEC.85.txt7,"Only took it for 5 days with only one a day in the morning with food.
","Only took it for 5 days with only one a day in the morning with food
"
ARTHROTEC.85.txt8,"Could not figure out why I was so sick.
","Could not figure out why I was so sick
"
ARTHROTEC.85.txt9,"Thanks to this site.
","Thanks to this site
"
ARTHROTEC.85.txt10,"Stopping it pronto!
","Stopping it pronto
"
ARTHROTEC.85.txt11,"Needs to be banned.
","Needs to be banned
"
ARTHROTEC.85.txt12,"Warnings should be discussed with pharmacist face to face when this is prescribed and before taking it.
","Warnings should be discussed with pharmacist face to face when this is prescribed and before taking it
"
ARTHROTEC.85.txt13,"Should be scrutinized from the first pill.
","Should be scrutinized from the first pill
"
ARTHROTEC.28.txt0,"Anxiety and the feeling I was bleeding inside.
","Anxiety and the feeling I was bleeding inside
"
ARTHROTEC.28.txt1,"Sudden feelings of cramp like being punched in the stomach.
","Sudden feelings of cramp like being punched in the stomach
"
ARTHROTEC.28.txt2,"A general 'scared' feeling and sitting very still in the hope it would go away.
","A general scared feeling and sitting very still in the hope it would go away
"
ARTHROTEC.28.txt3,"I will tolerate the pain before I would ever take this again.
","I will tolerate the pain before I would ever take this again
"
ARTHROTEC.81.txt0,"frequent heartburn.
","frequent heartburn
"
ARTHROTEC.81.txt1,"take it once a day and it works very well on the pain.
","take it once a day and it works very well on the pain
"
ARTHROTEC.50.txt0,"no side effects.
","no side effects
"
ARTHROTEC.50.txt1,"Met with surgon last week to schedule hip replacement.
","Met with surgon last week to schedule hip replacement
"
ARTHROTEC.50.txt2,"Could not tolerate pain.
","Could not tolerate pain
"
ARTHROTEC.50.txt3,"Was on hydrocodine heavy aand did not like side effects.
","Was on hydrocodine heavy aand did not like side effects
"
ARTHROTEC.50.txt4,"Almost overnight was 100% pain free.
","Almost overnight was 100 pain free
"
ARTHROTEC.50.txt5,"Sorry ladies i don not have bleeding or stomach pains.
","Sorry ladies i don not have bleeding or stomach pains
"
ARTHROTEC.50.txt6,"Truly wish you could have same results as i have.
","Truly wish you could have same results as i have
"
ARTHROTEC.50.txt7,"Took 5 years ago for shoulder pain and it worked as well.
","Took 5 years ago for shoulder pain and it worked as well
"
ARTHROTEC.50.txt8,"I am on my feet all day requiring steps and was ready to retire.
","I am on my feet all day requiring steps and was ready to retire
"
ARTHROTEC.50.txt9,"I danced at a wedding this weekend for the first time in 3 years.
","I danced at a wedding this weekend for the first time in 3 years
"
ARTHROTEC.56.txt0,"Took away all my hip pain.
","Took away all my hip pain
"
ARTHROTEC.56.txt1,"Had very bad cramps diarrhea and heavy bleeding even thought my period wasn't due for 3 more weeks
","Had very bad cramps diarrhea and heavy bleeding even thought my period wasnt due for 3 more weeks
"
ARTHROTEC.56.txt2,"been off this pill for two days now and still feeling same
","been off this pill for two days now and still feeling same
"
ARTHROTEC.56.txt3,"hoping cramps stop soon can't stand feeling sick all day.
","hoping cramps stop soon cant stand feeling sick all day
"
ARTHROTEC.24.txt0,"I have taken 6 pills in the past (75mg each), but the side effect I had from my last pill was awful.
","I have taken 6 pills in the past 75mg each but the side effect I had from my last pill was awful
"
ARTHROTEC.24.txt1,"It induced severe vaginal cramps without bleeding about 2 hours after I took the medication.
","It induced severe vaginal cramps without bleeding about 2 hours after I took the medication
"
ARTHROTEC.24.txt2,"I ended up having to take additional medication to get rid of the cramps (pamprin) so that I could sleep.
","I ended up having to take additional medication to get rid of the cramps pamprin so that I could sleep
"
ARTHROTEC.24.txt3,"Sat on the bathroom for 30 minutes.
","Sat on the bathroom for 30 minutes
"
ARTHROTEC.24.txt4,"If I knew I would have went to bed with a sore knee instead - it hurt less than the cramps.
","If I knew I would have went to bed with a sore knee instead  it hurt less than the cramps
"
ARTHROTEC.24.txt5,"This is the only anti-inflammatory drug that helps for my knee pain/inflammation and its reliable in that.
","This is the only antiinflammatory drug that helps for my knee paininflammation and its reliable in that
"
ARTHROTEC.24.txt6,"I take it infrequently, once every several months and 1 pill is often enough for me.
","I take it infrequently once every several months and 1 pill is often enough for me
"
ARTHROTEC.92.txt0,"Heavy, extended bleeding during menstruation.
","Heavy extended bleeding during menstruation
"
ARTHROTEC.92.txt1,"works good on back pain.
","works good on back pain
"
ARTHROTEC.70.txt0,"severe acid reflux after taking for 15 days.
","severe acid reflux after taking for 15 days
"
ARTHROTEC.70.txt1,"I am back on it now for 1 month after making adjustment to my diet.
","I am back on it now for 1 month after making adjustment to my diet
"
ARTHROTEC.70.txt2,"Helps very much.
","Helps very much
"
ARTHROTEC.70.txt3,"I would get about a 30 sec.
","I would get about a 30 sec
"
ARTHROTEC.70.txt4,"headache but no longer.
","headache but no longer
"
ARTHROTEC.70.txt5,"AS I have had a history of running to the toilet I dont do that any longer.
","AS I have had a history of running to the toilet I dont do that any longer
"
ARTHROTEC.70.txt6,"Happy response.
","Happy response
"
ARTHROTEC.70.txt7,"Since I cant take most of the other meds.
","Since I cant take most of the other meds
"
ARTHROTEC.70.txt8,"I was hoping this one would do the job.
","I was hoping this one would do the job
"
ARTHROTEC.70.txt9,"It is helping more than I could have wished for.
","It is helping more than I could have wished for
"
ARTHROTEC.70.txt10,"If you email me, make sure you put the subject in or I wont answer.
","If you email me make sure you put the subject in or I wont answer
"
ARTHROTEC.8.txt0,"No side effect to begin, but now starting to upset my stomach even while taking with food and plenty of water.
","No side effect to begin but now starting to upset my stomach even while taking with food and plenty of water
"
ARTHROTEC.8.txt1,"Didn't work for me.
","Didnt work for me
"
ARTHROTEC.8.txt2,"Still can't sleep, can't work without pain.
","Still cant sleep cant work without pain
"
ARTHROTEC.8.txt3,"Didn't see any positive change.
","Didnt see any positive change
"
ARTHROTEC.62.txt0,"none with light stomich ake sometimes.
","none with light stomich ake sometimes
"
ARTHROTEC.62.txt1,"a little shortness of breath at times.
","a little shortness of breath at times
"
ARTHROTEC.62.txt2,"this product changed the way i have lived for 5 years.
","this product changed the way i have lived for 5 years
"
ARTHROTEC.62.txt3,"i had a back operation 20 years ago and my time of mobility was going from bad to worse.
","i had a back operation 20 years ago and my time of mobility was going from bad to worse
"
ARTHROTEC.62.txt4,"absolutly changed my life.
","absolutly changed my life
"
ARTHROTEC.62.txt5,"i can go all day.
","i can go all day
"
ARTHROTEC.62.txt6,"there is one thing that i need to look into.
","there is one thing that i need to look into
"
ARTHROTEC.62.txt7,"my mother in law has rematoid arthro.
","my mother in law has rematoid arthro
"
ARTHROTEC.62.txt8,"she walked into the emergancy room and is hooked up to a machine to keep her alive for now .
","she walked into the emergancy room and is hooked up to a machine to keep her alive for now 
"
ARTHROTEC.62.txt9,"one week.
","one week
"
ARTHROTEC.62.txt10,"she had an alergic reaction to the medicine she had been taken for her arthritice.
","she had an alergic reaction to the medicine she had been taken for her arthritice
"
ARTHROTEC.62.txt11,"she had been taken it for two years.
","she had been taken it for two years
"
ARTHROTEC.62.txt12,"and i do not know what to do.
","and i do not know what to do
"
ARTHROTEC.62.txt13,"she has an infection in her lungs and lost all capassity.
","she has an infection in her lungs and lost all capassity
"
ARTHROTEC.62.txt14,"but the only thing i know is that it was not arthrotec,but can it all be the same?.
","but the only thing i know is that it was not arthrotecbut can it all be the same
"
ARTHROTEC.58.txt0,"Disorentatation,trouble brathing, extreme hot, redness and swelling, itching, later abominal cramps.
","Disorentatationtrouble brathing extreme hot redness and swelling itching later abominal cramps
"
ARTHROTEC.58.txt1,"All this came all sudden in couple of minutes.
","All this came all sudden in couple of minutes
"
ARTHROTEC.58.txt2,"I had been taking arthrotec before for my knee pain and it helped me a lot.
","I had been taking arthrotec before for my knee pain and it helped me a lot
"
ARTHROTEC.58.txt3,"I only had 10-12 pills left from last March when I had a cortisone shot and my knee pain went away.
","I only had 1012 pills left from last March when I had a cortisone shot and my knee pain went away
"
ARTHROTEC.25.txt0,"nausea,extreme hunger,stomach pain, abdominal pain, vaginal bleeding,cramps.
","nauseaextreme hungerstomach pain abdominal pain vaginal bleedingcramps
"
ARTHROTEC.25.txt1,"I really think that my doctor hates me.
","I really think that my doctor hates me
"
ARTHROTEC.25.txt2,"otherwise why would he give me this poison????
","otherwise why would he give me this poison
"
ARTHROTEC.25.txt3,"after 4 days of suffering I'm stopping this nightmare and yes there was some improvement with the pain but is not worth to continue.
","after 4 days of suffering Im stopping this nightmare and yes there was some improvement with the pain but is not worth to continue
"
ARTHROTEC.96.txt0,"For the first week I took one pill at bedtime, but then switched to mornings with breakfast.
","For the first week I took one pill at bedtime but then switched to mornings with breakfast
"
ARTHROTEC.96.txt1,"I experienced extreme uterine cramping within 30 minutes of taking in the morning; I was in excruciating pain for an hour so I called an ambulance and was rushed to the emergency room.
","I experienced extreme uterine cramping within 30 minutes of taking in the morning I was in excruciating pain for an hour so I called an ambulance and was rushed to the emergency room
"
ARTHROTEC.96.txt2,"Heavy bleeding started within 30 minutes after the cramping ceased.
","Heavy bleeding started within 30 minutes after the cramping ceased
"
ARTHROTEC.96.txt3,"Medical personnel dismissed the symptoms as not being related to taking this drug, but once I stopped taking, my cramping and bleeding stopped.
","Medical personnel dismissed the symptoms as not being related to taking this drug but once I stopped taking my cramping and bleeding stopped
"
ARTHROTEC.96.txt4,"Subsequent uterine & vaginal ultrasounds did not show anything else to be the cause.
","Subsequent uterine  vaginal ultrasounds did not show anything else to be the cause
"
ARTHROTEC.96.txt5,"My OB/Gyn told me that she uses misoprostal (1 of the drugs in Arthrotec) for miscarriages & advised me to stop taking the drug.
","My OBGyn told me that she uses misoprostal 1 of the drugs in Arthrotec for miscarriages  advised me to stop taking the drug
"
ARTHROTEC.96.txt6,"I would not recommend to females.
","I would not recommend to females
"
ARTHROTEC.96.txt7,"If you do take this drug, please pay careful attention to your body and other symptoms that may appear.
","If you do take this drug please pay careful attention to your body and other symptoms that may appear
"
ARTHROTEC.96.txt8,"Read all drug material carefully.
","Read all drug material carefully
"
ARTHROTEC.22.txt0,"Severe abdominal cramping, sweating, period cramps, vaginal bleeding, diarrhea, acid reflux, dry mouth.
","Severe abdominal cramping sweating period cramps vaginal bleeding diarrhea acid reflux dry mouth
"
ARTHROTEC.22.txt1,"I would rather have had a migraine than the pain I suffered after taking one of these pills.
","I would rather have had a migraine than the pain I suffered after taking one of these pills
"
ARTHROTEC.22.txt2,"Don't recommend at all.
","Dont recommend at all
"
ARTHROTEC.57.txt0,"I have spotting and it had started 2 days after I was taking them
","I have spotting and it had started 2 days after I was taking them
"
ARTHROTEC.57.txt1,"I had stopped taking them for 3 weeks now and still have spotting problems, I talked to doctors and they just shrugged it off.
","I had stopped taking them for 3 weeks now and still have spotting problems I talked to doctors and they just shrugged it off
"
ARTHROTEC.57.txt2,"And then told me go home, I still want to have more children I am at my wits end!!!.
","And then told me go home I still want to have more children I am at my wits end
"
ARTHROTEC.95.txt0,"Terrible first of all I had diarrhoea my doseage was increased to 75 and a few days ago my feet and ankles started swelling up.
","Terrible first of all I had diarrhoea my doseage was increased to 75 and a few days ago my feet and ankles started swelling up
"
ARTHROTEC.95.txt1,"I went to my GP and the results of my blood test showed there was something wrong with my liver and I am a non-drinker.
","I went to my GP and the results of my blood test showed there was something wrong with my liver and I am a nondrinker
"
ARTHROTEC.95.txt2,"My blood pressure had gone sky high so my that is why the swelling.
","My blood pressure had gone sky high so my that is why the swelling
"
ARTHROTEC.95.txt3,"I was told to stop taking Arthrotec and am now using a natural product that seems to work it is called Pernamax.
","I was told to stop taking Arthrotec and am now using a natural product that seems to work it is called Pernamax
"
ARTHROTEC.88.txt0,"My urine is bloody, I have got canker sores the size of golf balls, my face is falling off.
","My urine is bloody I have got canker sores the size of golf balls my face is falling off
"
ARTHROTEC.88.txt1,"It hurts.
","It hurts
"
ARTHROTEC.88.txt2,"My arm feels better.
","My arm feels better
"
ARTHROTEC.88.txt3,"But my face.
","But my face
"
ARTHROTEC.88.txt4,"its falling off.
","its falling off
"
ARTHROTEC.33.txt0,"just starting to feel tired this week after 3 weeks on the medication and that is the only bad side effect.
","just starting to feel tired this week after 3 weeks on the medication and that is the only bad side effect
"
ARTHROTEC.33.txt1,"I think I will try once a day.
","I think I will try once a day
"
ARTHROTEC.33.txt2,"I could not walk or open my hands in the morning until I took this.
","I could not walk or open my hands in the morning until I took this
"
ARTHROTEC.33.txt3,"I had a hysterectomy over 10 years ago, so it does not affect my period.
","I had a hysterectomy over 10 years ago so it does not affect my period
"
ARTHROTEC.65.txt0,"Severe, gut-renching abdominal pain, jaundins, diahrea, sweats & hot flashes, vaginal bleeding, and now constipation.
","Severe gutrenching abdominal pain jaundins diahrea sweats  hot flashes vaginal bleeding and now constipation
"
ARTHROTEC.65.txt1,"I had to go to the emergency room of local hospital and that's where I learned of the side effects.
","I had to go to the emergency room of local hospital and thats where I learned of the side effects
"
ARTHROTEC.65.txt2,"From the info on the web about this medication, it should not be given to anyone.
","From the info on the web about this medication it should not be given to anyone
"
ARTHROTEC.65.txt3,"I can't believe it was approved at all.
","I cant believe it was approved at all
"
ARTHROTEC.42.txt0,"Stomach pains, chest pains, anxiety, fatigue, headache, erratic heart beat, raised blood pressure, dizziness, nausea (even when taken with food), blurred vision.
","Stomach pains chest pains anxiety fatigue headache erratic heart beat raised blood pressure dizziness nausea even when taken with food blurred vision
"
ARTHROTEC.42.txt1,"I was given a 6 day trial of Arthrotec along with a 9 day trial of Aciphex on 4/25 (three bottles of three pills).
","I was given a 6 day trial of Arthrotec along with a 9 day trial of Aciphex on 425 three bottles of three pills
"
ARTHROTEC.42.txt2,"This was a solution my doctor came up with.
","This was a solution my doctor came up with
"
ARTHROTEC.42.txt3,"I've never had consistant heart burn or indigestion, no signs of acid reflux, so I was confused as to why he would offer me this medication.
","Ive never had consistant heart burn or indigestion no signs of acid reflux so I was confused as to why he would offer me this medication
"
ARTHROTEC.42.txt4,"The first day I took both pills, I experienced some dizziness and some nausea and some serious period like cramps.
","The first day I took both pills I experienced some dizziness and some nausea and some serious period like cramps
"
ARTHROTEC.42.txt5,"I was at work, so I just had to brush it off.
","I was at work so I just had to brush it off
"
ARTHROTEC.42.txt6,"It continued each time I took it.
","It continued each time I took it
"
ARTHROTEC.42.txt7,"After about two days (two doses), the cramps continued and began inhibiting my menstrual cycle (which I was due to start).
","After about two days two doses the cramps continued and began inhibiting my menstrual cycle which I was due to start
"
ARTHROTEC.42.txt8,"So, I googled the side effects of the drug, came across this site, and realized I wasn't the only one with those side effects, so I felt a little better about it.
","So I googled the side effects of the drug came across this site and realized I wasnt the only one with those side effects so I felt a little better about it
"
ARTHROTEC.42.txt9,"On the evening of 4/30, I suddenly got some serious chest pains, an elevated heart rate (I was laying down with my husband and this was similar to an ""I just finished running!"" heart rate), hot flashes, dizziness, sever stomach cramps, and weakness in my legs.
","On the evening of 430 I suddenly got some serious chest pains an elevated heart rate I was laying down with my husband and this was similar to an I just finished running heart rate hot flashes dizziness sever stomach cramps and weakness in my legs
"
ARTHROTEC.42.txt10,"I literally thought I was dying.
","I literally thought I was dying
"
ARTHROTEC.42.txt11,"It passed within 45 minutes and I was able to go to work the next day.
","It passed within 45 minutes and I was able to go to work the next day
"
ARTHROTEC.42.txt12,"At work (5/1), I was sitting at my desk and the same thing happened.
","At work 51 I was sitting at my desk and the same thing happened
"
ARTHROTEC.42.txt13,"I stepped out to get some air but it didn't work.
","I stepped out to get some air but it didnt work
"
ARTHROTEC.42.txt14,"A friend at work had to call an ambulance.
","A friend at work had to call an ambulance
"
ARTHROTEC.42.txt15,"I was filled in by the ER doc that the mixture of Aciphex and Arthrotec was insane and that he was trying to keep from cracking up at my primary doc's decision to combine them.
","I was filled in by the ER doc that the mixture of Aciphex and Arthrotec was insane and that he was trying to keep from cracking up at my primary docs decision to combine them
"
ARTHROTEC.52.txt0,"Went to hospital for my Tmj pain because it was getting out of control.
","Went to hospital for my Tmj pain because it was getting out of control
"
ARTHROTEC.52.txt1,"A doctor prescribed me this to take two a day.
","A doctor prescribed me this to take two a day
"
ARTHROTEC.52.txt2,"One pill and 20 minutes later the worse period cramps in my life.
","One pill and 20 minutes later the worse period cramps in my life
"
ARTHROTEC.52.txt3,"After half an hour it passed, but its been a day a half now, and i still feel sick after eating and random shooting lower abdominal pains.
","After half an hour it passed but its been a day a half now and i still feel sick after eating and random shooting lower abdominal pains
"
ARTHROTEC.52.txt4,"I'm scared to death.
","Im scared to death
"
ARTHROTEC.26.txt0,"After taking the drug for 7 years, i've suddenly developped diarrhea, nausea, loss of apetite, stomach cramps.
","After taking the drug for 7 years ive suddenly developped diarrhea nausea loss of apetite stomach cramps
"
ARTHROTEC.26.txt1,"I've had these symptoms for 4 weeks and i've just realised it could be side effects from arthotec.
","Ive had these symptoms for 4 weeks and ive just realised it could be side effects from arthotec
"
ARTHROTEC.26.txt2,"The problem is if i stop arthrotec I become paralysed by back pain.
","The problem is if i stop arthrotec I become paralysed by back pain
"
ARTHROTEC.26.txt3,"Seeing the doctor next week.
","Seeing the doctor next week
"
ARTHROTEC.26.txt4,"But not sure if my symptoms are due to the drug as i've been on it for so long with no side effects.
","But not sure if my symptoms are due to the drug as ive been on it for so long with no side effects
"
ARTHROTEC.26.txt5,"After trying several NSAIDs with side effects, I finally discovered arthrotec which relieved the pain and no side effects.
","After trying several NSAIDs with side effects I finally discovered arthrotec which relieved the pain and no side effects
"
ARTHROTEC.26.txt6,"I usually take 1 or 2 a day and when the pain gets really bad increase it to 3 a day for one or two weeks.
","I usually take 1 or 2 a day and when the pain gets really bad increase it to 3 a day for one or two weeks
"
ARTHROTEC.18.txt0,"slightly heavier menstrual cycle.
","slightly heavier menstrual cycle
"
ARTHROTEC.18.txt1,"An absolute miracle drug for me.
","An absolute miracle drug for me
"
ARTHROTEC.18.txt2,"None of the stomach issues others seem to have.
","None of the stomach issues others seem to have
"
ARTHROTEC.18.txt3,"I was at the point where I was becoming highly immobile and in constant pain.
","I was at the point where I was becoming highly immobile and in constant pain
"
ARTHROTEC.18.txt4,"Started taking arthrotec and had IMMEDIATE relief.
","Started taking arthrotec and had IMMEDIATE relief
"
ARTHROTEC.18.txt5,"honestly never thought I would feel that way again.
","honestly never thought I would feel that way again
"
ARTHROTEC.18.txt6,"recently pain has started to increase though, and not sure if I've overworked my back.
","recently pain has started to increase though and not sure if Ive overworked my back
"
ARTHROTEC.18.txt7,"or if I'm becoming intolerant.
","or if Im becoming intolerant
"
ARTHROTEC.18.txt8,"Have recommended to two others who have had similar exceptional results for chronic arthritic type issues.
","Have recommended to two others who have had similar exceptional results for chronic arthritic type issues
"
ARTHROTEC.89.txt0,"The day after I started taking it, I had a little vaginal bleeding in spite of being menopausal for 10 years.
","The day after I started taking it I had a little vaginal bleeding in spite of being menopausal for 10 years
"
ARTHROTEC.89.txt1,"I had been using Estrace for several months but had not had bleeding from the Estrace alone.
","I had been using Estrace for several months but had not had bleeding from the Estrace alone
"
ARTHROTEC.89.txt2,"My back does feel better, not 100% OK, but probably 60%.
","My back does feel better not 100 OK but probably 60
"
ARTHROTEC.78.txt0,"Very very severe abdonimal pain, next day my stool was black which could indicate blood in my stool, going to doctor today.
","Very very severe abdonimal pain next day my stool was black which could indicate blood in my stool going to doctor today
"
ARTHROTEC.78.txt1,"I will never take it again.
","I will never take it again
"
ARTHROTEC.69.txt0,"Some gas & diarrhea but overall OK if taken with food.
","Some gas  diarrhea but overall OK if taken with food
"
ARTHROTEC.69.txt1,"Tried other anti-inflammatories but this is the one that works best for me.
","Tried other antiinflammatories but this is the one that works best for me
"
ARTHROTEC.69.txt2,"Helps me walk & carry on a normal lifestyle because it eases the pain a lot.
","Helps me walk  carry on a normal lifestyle because it eases the pain a lot
"
ARTHROTEC.90.txt0,"The pill eliminated all pain I felt in my hip, but it was hard on my stomach.
","The pill eliminated all pain I felt in my hip but it was hard on my stomach
"
ARTHROTEC.90.txt1,"On my 10th day of medication, I experienced vaginal bleeding.
","On my 10th day of medication I experienced vaginal bleeding
"
ARTHROTEC.90.txt2,"This scared me because it was two weeks after my normal period.
","This scared me because it was two weeks after my normal period
"
ARTHROTEC.90.txt3,"There is something really fishy about this drug.
","There is something really fishy about this drug
"
ARTHROTEC.90.txt4,"I do not advise anyone to take it as there are many adverse side effects.
","I do not advise anyone to take it as there are many adverse side effects
"
ARTHROTEC.44.txt0,"This medicine helped with the heel spurs, however the side effects were far worse and not worth taking the medicine.
","This medicine helped with the heel spurs however the side effects were far worse and not worth taking the medicine
"
ARTHROTEC.44.txt1,"I had bad gas and SEVERE diarrhea along with stomach cramps and nausea.
","I had bad gas and SEVERE diarrhea along with stomach cramps and nausea
"
ARTHROTEC.30.txt0,"I have been on Arthrotec for a year and a half and have been very pleased that it does help deal with my back pain.
","I have been on Arthrotec for a year and a half and have been very pleased that it does help deal with my back pain
"
ARTHROTEC.30.txt1,"However.
","However
"
ARTHROTEC.30.txt2,"over the last six months, I have started having vaginal bleeding almost every day of the month.
","over the last six months I have started having vaginal bleeding almost every day of the month
"
ARTHROTEC.30.txt3,"Lots of clotting, and horrible periods.
","Lots of clotting and horrible periods
"
ARTHROTEC.30.txt4,"I went to the obgyn and everything came out normal.
","I went to the obgyn and everything came out normal
"
ARTHROTEC.30.txt5,"The doc put me on birth control.
","The doc put me on birth control
"
ARTHROTEC.30.txt6,"But, the bleeding has not subsided.
","But the bleeding has not subsided
"
ARTHROTEC.30.txt7,"So now I am scheduled to have an endometrial biopsy on Wed.
","So now I am scheduled to have an endometrial biopsy on Wed
"
ARTHROTEC.30.txt8,"I had an ephiphany last night about Arthrotec and began researching the side effect.
","I had an ephiphany last night about Arthrotec and began researching the side effect
"
ARTHROTEC.30.txt9,"When I came across this website, I was appalled that the majority of the females mention heavy/extra vaginal bleeding.
","When I came across this website I was appalled that the majority of the females mention heavyextra vaginal bleeding
"
ARTHROTEC.30.txt10,"I firmly believe this is the answer to my bleeding problem and will be telling the doctor on Monday,.
","I firmly believe this is the answer to my bleeding problem and will be telling the doctor on Monday
"
ARTHROTEC.30.txt11,"Although this drug has helped with the pain, it is not worth the cost and hassle of bleeding constantly.,
","Although this drug has helped with the pain it is not worth the cost and hassle of bleeding constantly
"
ARTHROTEC.30.txt12,"On top of that, I am now having to have a procedure that a 31 year old should not have to endure.
","On top of that I am now having to have a procedure that a 31 year old should not have to endure
"
ARTHROTEC.30.txt13,"I truly hope that there are no long term effects from this.
","I truly hope that there are no long term effects from this
"
ARTHROTEC.30.txt14,"I have not taken Arthrotec in almost a week, yet I am still bleeding.
","I have not taken Arthrotec in almost a week yet I am still bleeding
"
ARTHROTEC.30.txt15,"I do not look forward to the extra pains I will llkely experience in a couple weeks, but I am sure I can find something else to deal with them.
","I do not look forward to the extra pains I will llkely experience in a couple weeks but I am sure I can find something else to deal with them
"
ARTHROTEC.30.txt16,"I feel that I have become dependent on this medicine to function.
","I feel that I have become dependent on this medicine to function
"
ARTHROTEC.21.txt0,"Didn't have much pain relief, and within a few days of starting the meds I began having cramps and heavy vaginal bleeding.
","Didnt have much pain relief and within a few days of starting the meds I began having cramps and heavy vaginal bleeding
"
ARTHROTEC.21.txt1,"My period ended last week and this med made me have another one!.
","My period ended last week and this med made me have another one
"
ARTHROTEC.43.txt0,"Random severe cramping, diarrhea, increased menstrual blood flow.
","Random severe cramping diarrhea increased menstrual blood flow
"
ARTHROTEC.43.txt1,"The day I took my first Arthrotec, I started experiencing urinary incontinence.
","The day I took my first Arthrotec I started experiencing urinary incontinence
"
ARTHROTEC.43.txt2,"It's not severe but enough to be disruptive and require a pad.
","Its not severe but enough to be disruptive and require a pad
"
ARTHROTEC.43.txt3,"I haven't seen this listed in anyone's symptomology.
","I havent seen this listed in anyones symptomology
"
ARTHROTEC.43.txt4,"Has anyone else had this experience?.
","Has anyone else had this experience
"
ARTHROTEC.63.txt0,"I have vaginal bleeding, my cycle was back (I'm menopausal ), breast pain, Other symptoms I have: erithema, my skin is so dry I have little cuts on my hands, I 'm sweating a lot (usually I don't), pruritus ani etc
","I have vaginal bleeding my cycle was back Im menopausal  breast pain Other symptoms I have erithema my skin is so dry I have little cuts on my hands I m sweating a lot usually I dont pruritus ani etc
"
ARTHROTEC.63.txt1,"I took it 3 times: the first for 3 days, then I stopped because it didn't make great improvements and I had diarrhea.
","I took it 3 times the first for 3 days then I stopped because it didnt make great improvements and I had diarrhea
"
ARTHROTEC.63.txt2,"My doctor told me the symptoms had to go away after taking few more Second time: I took other 3 pills in 3 days.
","My doctor told me the symptoms had to go away after taking few more Second time I took other 3 pills in 3 days
"
ARTHROTEC.63.txt3,"little improvement with the pain.
","little improvement with the pain
"
ARTHROTEC.63.txt4,"I had the first vaginal bleeding, a lot of pruritus and my skin was all red but I didn't know it was arthrotec/
","I had the first vaginal bleeding a lot of pruritus and my skin was all red but I didnt know it was arthrotec
"
ARTHROTEC.63.txt5,"My doctor prescribed me a topical cream , did some a vaginal test to exclude infections.
","My doctor prescribed me a topical cream  did some a vaginal test to exclude infections
"
ARTHROTEC.63.txt6,"I had my cycle The last one for 4 days.
","I had my cycle The last one for 4 days
"
ARTHROTEC.63.txt7,"More problems and this time I had the ideo to go on Internet and I discovered I had a lot of the side effects by taking Arthrotec Why they don't tell you about them?.
","More problems and this time I had the ideo to go on Internet and I discovered I had a lot of the side effects by taking Arthrotec Why they dont tell you about them
"
ARTHROTEC.15.txt0,"Particularly diahrea!
","Particularly diahrea
"
ARTHROTEC.15.txt1,"Many unscheduled washroom stops over the time I've taken this medication.
","Many unscheduled washroom stops over the time Ive taken this medication
"
ARTHROTEC.15.txt2,"Lately ankle swelling and lower tendon pain that was not experienced previously.
","Lately ankle swelling and lower tendon pain that was not experienced previously
"
ARTHROTEC.15.txt3,"Males tend to tolerate this medication better than women from my observation.
","Males tend to tolerate this medication better than women from my observation
"
ARTHROTEC.15.txt4,"This medication helped get me back to work and achieve tolerable pain levels and mobility.
","This medication helped get me back to work and achieve tolerable pain levels and mobility
"
ARTHROTEC.15.txt5,"I stopped taking it for 4 days and the pain returned.
","I stopped taking it for 4 days and the pain returned
"
ARTHROTEC.15.txt6,"Currently take one 75mg dose 2 hours before work and seems to be enough to ease my particular condition.
","Currently take one 75mg dose 2 hours before work and seems to be enough to ease my particular condition
"
ARTHROTEC.15.txt7,"Probably alright for otherwise healthy individuals but those with other medical problems should probably avoid it.
","Probably alright for otherwise healthy individuals but those with other medical problems should probably avoid it
"
ARTHROTEC.15.txt8,"It will most likely exacerbate there ill health with unwelcome side effects.
","It will most likely exacerbate there ill health with unwelcome side effects
"
ARTHROTEC.51.txt0,"severe nausea dizziness terrible stomach pain.
","severe nausea dizziness terrible stomach pain
"
ARTHROTEC.47.txt0,"after taking just one dose, had hunger feeling and stomach cramping, in the eve and through the night constant muscle cramps in my calf muscles, couldn't sleep, had to keep jumping out of bed because of the cramps.
","after taking just one dose had hunger feeling and stomach cramping in the eve and through the night constant muscle cramps in my calf muscles couldnt sleep had to keep jumping out of bed because of the cramps
"
ARTHROTEC.47.txt1,"I just went for test and haven't gotten results yet, but Dr feels I have more than 1 form of arthritis, I also have a very sensitive stomach, this is cheaper and more approved by health insurance, so that is why this prescribed.
","I just went for test and havent gotten results yet but Dr feels I have more than 1 form of arthritis I also have a very sensitive stomach this is cheaper and more approved by health insurance so that is why this prescribed
"
ARTHROTEC.47.txt2,"Seems to me we always have to choose lesser of the 2 evils, I can't deal with Charlie Horses, so I am stopping this med.
","Seems to me we always have to choose lesser of the 2 evils I cant deal with Charlie Horses so I am stopping this med
"
ARTHROTEC.48.txt0,"I cannot believe the immediate difference this medication had made in my life.
","I cannot believe the immediate difference this medication had made in my life
"
ARTHROTEC.48.txt1,"I could not get up from my desk without holding onto the desk and walking up the stairs was intolerable.
","I could not get up from my desk without holding onto the desk and walking up the stairs was intolerable
"
ARTHROTEC.48.txt2,"Within one day I felt the pain lessen.
","Within one day I felt the pain lessen
"
ARTHROTEC.48.txt3,"I am now walking up the stairs 95 % normal and can actually walk through a mall without having to sit down every 5 minutes.
","I am now walking up the stairs 95  normal and can actually walk through a mall without having to sit down every 5 minutes
"
ARTHROTEC.48.txt4,"i am in need of a knee replacement, but in meantime feel like I have my life back.
","i am in need of a knee replacement but in meantime feel like I have my life back
"
ARTHROTEC.35.txt0,"While this medicine did help with my pain, the side affects out-weigh the benefits.
","While this medicine did help with my pain the side affects outweigh the benefits
"
ARTHROTEC.35.txt1,"My menstrual cycle is completely out of whack, I'm bleeding several times a month.
","My menstrual cycle is completely out of whack Im bleeding several times a month
"
ARTHROTEC.35.txt2,"Nausea occurs when I'm hungry - very odd.
","Nausea occurs when Im hungry  very odd
"
ARTHROTEC.35.txt3,"Irregular cramping.
","Irregular cramping
"
ARTHROTEC.35.txt4,"This has been to date the only medicine to relieve my hip pain, but it's affecting my quality of life.
","This has been to date the only medicine to relieve my hip pain but its affecting my quality of life
"
ARTHROTEC.35.txt5,"Who wants to have their period all month long and be non-stop nauseous?!
","Who wants to have their period all month long and be nonstop nauseous
"
ARTHROTEC.35.txt6,"If they ever fix the kinks I'll be the first in line, but at this point I don't consider this a safe medication.
","If they ever fix the kinks Ill be the first in line but at this point I dont consider this a safe medication
"
ARTHROTEC.4.txt0,"I am menstruating with heavy bleeding every 11 days.
","I am menstruating with heavy bleeding every 11 days
"
ARTHROTEC.4.txt1,"Honestly, I can't figure out how I can lose this much blood and still function.
","Honestly I cant figure out how I can lose this much blood and still function
"
ARTHROTEC.4.txt2,"I have horrific cramps to begin with, so I can't say whether arthrotec increased that.
","I have horrific cramps to begin with so I cant say whether arthrotec increased that
"
ARTHROTEC.4.txt3,"I have endometriosis, so I'm not sure if that is something that doesn't agree with arthrotec.
","I have endometriosis so Im not sure if that is something that doesnt agree with arthrotec
"
ARTHROTEC.4.txt4,"It did help with the pain I experience with the pinched nerve, but it is not worth it to me to continue.
","It did help with the pain I experience with the pinched nerve but it is not worth it to me to continue
"
ARTHROTEC.75.txt0,"Vaginal bleeding when it was not time for my period, headaches, neck pain,bloating and weight gain.
","Vaginal bleeding when it was not time for my period headaches neck painbloating and weight gain
"
ARTHROTEC.75.txt1,"It helped relieve the pain in my lower back but I would not recommend this to be used by women of any age.
","It helped relieve the pain in my lower back but I would not recommend this to be used by women of any age
"
ARTHROTEC.75.txt2,"Not quite sure what I will do now because I cannot take Bextra or Neurontin.
","Not quite sure what I will do now because I cannot take Bextra or Neurontin
"
ARTHROTEC.75.txt3,"I guess go back to plain old advil and deal with it unless the doctor has another medication I can try.
","I guess go back to plain old advil and deal with it unless the doctor has another medication I can try
"
ARTHROTEC.3.txt0,"Constipation right from the start and in ladt 4 weeks extreme joint pain at night (just few hours after taking tablets).
","Constipation right from the start and in ladt 4 weeks extreme joint pain at night just few hours after taking tablets
"
ARTHROTEC.3.txt1,"Pain so bad it disrupted my sleep co pletely.
","Pain so bad it disrupted my sleep co pletely
"
ARTHROTEC.3.txt2,"also, extreme itching on legs and arms, so bad I scrathced myself raw.
","also extreme itching on legs and arms so bad I scrathced myself raw
"
ARTHROTEC.3.txt3,"mobility has DECREASED rapidly, especially when trying to go down stairs.
","mobility has DECREASED rapidly especially when trying to go down stairs
"
ARTHROTEC.3.txt4,"Was warned about possibility of constipation but think doctor underestimated how severe it would get.
","Was warned about possibility of constipation but think doctor underestimated how severe it would get
"
ARTHROTEC.3.txt5,"Arthrotec was supposed to ease my pain not make it worse.
","Arthrotec was supposed to ease my pain not make it worse
"
ARTHROTEC.3.txt6,"Have stopped taking and immediatedly muscle/joint pain eased and sleeping much better.
","Have stopped taking and immediatedly musclejoint pain eased and sleeping much better
"
ARTHROTEC.3.txt7,"Have reverted to use of co-codamol to ease symptoms as required.
","Have reverted to use of cocodamol to ease symptoms as required
"
ARTHROTEC.84.txt0,"No side affects.
","No side affects
"
ARTHROTEC.84.txt1,"This pill works like magic to releive my arthritic pain!
","This pill works like magic to releive my arthritic pain
"
ARTHROTEC.84.txt2,"I don't take it regularly, only when required - approximately once per month.
","I dont take it regularly only when required  approximately once per month
"
ARTHROTEC.1.txt0,"I feel a bit drowsy & have a little blurred vision, so far no gastric problems.
","I feel a bit drowsy  have a little blurred vision so far no gastric problems
"
ARTHROTEC.1.txt1,"I've been on Arthrotec 50 for over 10 years on and off, only taking it when I needed it.
","Ive been on Arthrotec 50 for over 10 years on and off only taking it when I needed it
"
ARTHROTEC.1.txt2,"Due to my arthritis getting progressively worse, to the point where I am in tears with the agony, gp's started me on 75 twice a day and I have to take it.
","Due to my arthritis getting progressively worse to the point where I am in tears with the agony gps started me on 75 twice a day and I have to take it
"
ARTHROTEC.1.txt3,"every day for the next month to see how I get on, here goes.
","every day for the next month to see how I get on here goes
"
ARTHROTEC.1.txt4,"So far its been very good, pains almost gone, but I feel a bit weird, didn't have that when on 50.",So far its been very good pains almost gone but I feel a bit weird didnt have that when on 50
ARTHROTEC.82.txt0,"I had diarrhea, severe abdominal pain which was constant for 4 hours straight, vomiting, trembling, dizziness, nausea.
","I had diarrhea severe abdominal pain which was constant for 4 hours straight vomiting trembling dizziness nausea
"
ARTHROTEC.82.txt1,"Arthrotec seemed to induce my menstrual cramps and cause the pain to be severe.
","Arthrotec seemed to induce my menstrual cramps and cause the pain to be severe
"
ARTHROTEC.82.txt2,"I would not recommend this drug to anyone, especially since I have never had such an adverse reaction to any other medication.
","I would not recommend this drug to anyone especially since I have never had such an adverse reaction to any other medication
"
ARTHROTEC.82.txt3,"Also, I would caution women not to take this medication while menstruating, since one side effect can be severe menstual pain.
","Also I would caution women not to take this medication while menstruating since one side effect can be severe menstual pain
"
ARTHROTEC.59.txt0,"I have vaginal bleeding, my cycle was back (I'm menopausal ), breast pain
","I have vaginal bleeding my cycle was back Im menopausal  breast pain
"
ARTHROTEC.59.txt1,"Other symptoms I have: erithema, my skin is so dry I have little cuts on my hands, I 'm sweating a lot (usually I don't), pruritus ani etc
","Other symptoms I have erithema my skin is so dry I have little cuts on my hands I m sweating a lot usually I dont pruritus ani etc
"
ARTHROTEC.59.txt2,"I took it 3 times: the first for 3 days, then I stopped because it didn't make great improvements and I had diarrhea.
","I took it 3 times the first for 3 days then I stopped because it didnt make great improvements and I had diarrhea
"
ARTHROTEC.59.txt3,"My doctor told me the symptoms had to go away after taking few more Second time: I took other 3 pills in 3 days.
","My doctor told me the symptoms had to go away after taking few more Second time I took other 3 pills in 3 days
"
ARTHROTEC.59.txt4,"little improvement with the pain.
","little improvement with the pain
"
ARTHROTEC.59.txt5,"I had the first vaginal bleeding, a lot of pruritus and my skin was all red but I didn't know it was arthrotec/
","I had the first vaginal bleeding a lot of pruritus and my skin was all red but I didnt know it was arthrotec
"
ARTHROTEC.59.txt6,"My doctor prescribed me a topical cream , did some a vaginal test to exclude infections.
","My doctor prescribed me a topical cream  did some a vaginal test to exclude infections
"
ARTHROTEC.59.txt7,"I had my cycle The last one for 4 days.
","I had my cycle The last one for 4 days
"
ARTHROTEC.59.txt8,"More problems and this time I had the ideo to go on Internet and I discovered I had a lot of the side effects by taking Arthrotec
","More problems and this time I had the ideo to go on Internet and I discovered I had a lot of the side effects by taking Arthrotec
"
ARTHROTEC.59.txt9,"Why they don't tell you about them?.
","Why they dont tell you about them
"
ARTHROTEC.87.txt0,"Abdominal cramps, flatulence, gas, bloating.
","Abdominal cramps flatulence gas bloating
"
ARTHROTEC.87.txt1,"Cramps would start within 15 minutes of taking pill, even during meals.
","Cramps would start within 15 minutes of taking pill even during meals
"
ARTHROTEC.87.txt2,"Reduced coccyx pain but the cramps and bloating were very uncomfortable.
","Reduced coccyx pain but the cramps and bloating were very uncomfortable
"
ARTHROTEC.98.txt0,"HAVE BEEN TAKING 1 75 ARTHROTEC DAILY IT HAS ALMOST TOTALY ELIMINATED MY KNEE PAIN I HAD ALMOST RESIGNED MYSELF TO A KNEE REPLACEMENT.
","HAVE BEEN TAKING 1 75 ARTHROTEC DAILY IT HAS ALMOST TOTALY ELIMINATED MY KNEE PAIN I HAD ALMOST RESIGNED MYSELF TO A KNEE REPLACEMENT
"
ARTHROTEC.100.txt0,"no side effects for the first two months .
","no side effects for the first two months 
"
ARTHROTEC.100.txt1,"then vaginal bleeding 2 wks after menstral cycle.
","then vaginal bleeding 2 wks after menstral cycle
"
ARTHROTEC.100.txt2,"stomach pain.
","stomach pain
"
ARTHROTEC.100.txt3,"canker sores in my mouth.
","canker sores in my mouth
"
ARTHROTEC.100.txt4,"headache.
","headache
"
ARTHROTEC.100.txt5,"been off for 1 week still have bleeding.
","been off for 1 week still have bleeding
"
ARTHROTEC.100.txt6,"helped my pain alot .
","helped my pain alot 
"
ARTHROTEC.100.txt7,"too scared to take this drug again.
","too scared to take this drug again
"
ARTHROTEC.34.txt0,"Bleeding mini periods, lightheaded some time, finger tingling when I wake up.
","Bleeding mini periods lightheaded some time finger tingling when I wake up
"
ARTHROTEC.61.txt0,"Very little side effects,some gas.
","Very little side effectssome gas
"
ARTHROTEC.61.txt1,"Gave me my life back.
","Gave me my life back
"
ARTHROTEC.61.txt2,"Now I can sleep at night and do most activities.
","Now I can sleep at night and do most activities
"
ARTHROTEC.61.txt3,"Mobility without pain!.
","Mobility without pain
"
ARTHROTEC.61.txt4,"Worry about the long term side effects of an NSAid drug.
","Worry about the long term side effects of an NSAid drug
"
ARTHROTEC.67.txt0,"W/ prescribed dosage (75 mg BID) crankiness and irritability.
","W prescribed dosage 75 mg BID crankiness and irritability
"
ARTHROTEC.67.txt1,"Increased BP.
","Increased BP
"
ARTHROTEC.67.txt2,"Possible visual disturbances.
","Possible visual disturbances
"
ARTHROTEC.67.txt3,"Relieved pain very well.
","Relieved pain very well
"
ARTHROTEC.67.txt4,"However, the side effects are a great concern.
","However the side effects are a great concern
"
ARTHROTEC.79.txt0,"Nothing unusual or that Im aware of .
","Nothing unusual or that Im aware of 
"
ARTHROTEC.79.txt1,"I have some acid reflux thats developed over the last few years, which may not be related since it runs in the family.
","I have some acid reflux thats developed over the last few years which may not be related since it runs in the family
"
ARTHROTEC.79.txt2,"Works great!
","Works great
"
ARTHROTEC.79.txt3,"Hard to function without (pain),when I ran out.
","Hard to function without painwhen I ran out
"
ARTHROTEC.79.txt4,"Im probably addicted to it.
","Im probably addicted to it
"
ARTHROTEC.79.txt5,"Somewhat concerned about the long term effects and listed possible side effects, so I've only ever taken arthrotec 50 once daily rather than twice, which is just enough to manage my pain levels.
","Somewhat concerned about the long term effects and listed possible side effects so Ive only ever taken arthrotec 50 once daily rather than twice which is just enough to manage my pain levels
"
ARTHROTEC.79.txt6,"I feel it has a cummulative effect.
","I feel it has a cummulative effect
"
ARTHROTEC.79.txt7,"maybe.
","maybe
"
ARTHROTEC.79.txt8,"I dont think anything will completely remove the pain, and maybe shouldnt since it helps you to know whats going on.
","I dont think anything will completely remove the pain and maybe shouldnt since it helps you to know whats going on
"
ARTHROTEC.79.txt9,"Else how much would you have to take, thus increasing your risk for possible adverse reactions.
","Else how much would you have to take thus increasing your risk for possible adverse reactions
"
ARTHROTEC.45.txt0,"Has been all OK until recently when I started to get "" fluey"" feelings in upper arms, legs etc
","Has been all OK until recently when I started to get  fluey feelings in upper arms legs etc
"
ARTHROTEC.45.txt1,"As I had just recently had flu jab thought this was the cause.
","As I had just recently had flu jab thought this was the cause
"
ARTHROTEC.45.txt2,"However the symptoms persisted, GP said "" just flu jab"" - but after 4 weeks!
","However the symptoms persisted GP said  just flu jab  but after 4 weeks
"
ARTHROTEC.45.txt3,"Noticed today after leaving Artrotec off for a day or so ,that things were much better until I took one dose.
","Noticed today after leaving Artrotec off for a day or so that things were much better until I took one dose
"
ARTHROTEC.45.txt4,"fluey feelings returned within a hour.
","fluey feelings returned within a hour
"
ARTHROTEC.45.txt5,"Draw your own conclusions.
","Draw your own conclusions
"
ARTHROTEC.16.txt0,"I was prescribed this drug because I had spent a whole night in complete agony; abdominal pain, lower back pain, all that I imagine labor pain to be, except I was not in labor.
","I was prescribed this drug because I had spent a whole night in complete agony abdominal pain lower back pain all that I imagine labor pain to be except I was not in labor
"
ARTHROTEC.16.txt1,"Though the cause of my pain remains undetermined, the Arthrotec combined with Paracetamol pretty much eliminated the pain.
","Though the cause of my pain remains undetermined the Arthrotec combined with Paracetamol pretty much eliminated the pain
"
ARTHROTEC.16.txt2,"This was a big relief, as the 1200 MG of Ibuprofen I had taken throughout the night had done nothing.
","This was a big relief as the 1200 MG of Ibuprofen I had taken throughout the night had done nothing
"
ARTHROTEC.16.txt3,"I only took 1 Arthrotec and 1 Paracetamol and that did the trick.
","I only took 1 Arthrotec and 1 Paracetamol and that did the trick
"
ARTHROTEC.16.txt4,"HOWEVER: I had a very bad headache yesterday and Ibuprofen again didn't work.
","HOWEVER I had a very bad headache yesterday and Ibuprofen again didnt work
"
ARTHROTEC.16.txt5,"I still had the other Arthrotec pills left, so I took one.
","I still had the other Arthrotec pills left so I took one
"
ARTHROTEC.16.txt6,"Although it alleviated the pain, I got up this morning with heavy vaginal bleeding even though my period ended last week.
","Although it alleviated the pain I got up this morning with heavy vaginal bleeding even though my period ended last week
"
ARTHROTEC.16.txt7,"I was relieved to read that this could be a side effect, as it means I probably don't have something serious, but I will have to be in some serious pain to risk bleeding from the vagina again.
","I was relieved to read that this could be a side effect as it means I probably dont have something serious but I will have to be in some serious pain to risk bleeding from the vagina again
"
ARTHROTEC.16.txt8,"Next time I'll try my luck with Paracetamol.
","Next time Ill try my luck with Paracetamol
"
ARTHROTEC.16.txt9,"The pill I took consisted of 50 MG Diclofenac and 200 MG Misoprostol.
","The pill I took consisted of 50 MG Diclofenac and 200 MG Misoprostol
"
ARTHROTEC.74.txt0,"Slight Gasto discomfort, but usually take NEXIUM so discomfort is tolerable.
","Slight Gasto discomfort but usually take NEXIUM so discomfort is tolerable
"
ARTHROTEC.74.txt1,"I take ARTHROTEC 50 every day, sometimes BID and have found nothing that works better.
","I take ARTHROTEC 50 every day sometimes BID and have found nothing that works better
"
ARTHROTEC.74.txt2,"Now I am running out, am un-insured and can't afford the medication.
","Now I am running out am uninsured and cant afford the medication
"
ARTHROTEC.74.txt3,"Will probably go back to IB 800 mg BID.
","Will probably go back to IB 800 mg BID
"
ARTHROTEC.40.txt0,"I have been concerned about long term effects of Arthrotec, but with chronic back for 9 years I cannot live without it right now.
","I have been concerned about long term effects of Arthrotec but with chronic back for 9 years I cannot live without it right now
"
ARTHROTEC.40.txt1,"I was shocked to read some of the comments on this website.
","I was shocked to read some of the comments on this website
"
ARTHROTEC.40.txt2,"I never had any stomach trouble, or cramps, or anything people have mentioned here.
","I never had any stomach trouble or cramps or anything people have mentioned here
"
ARTHROTEC.40.txt3,"People mentioned Celebrex.
","People mentioned Celebrex
"
ARTHROTEC.40.txt4,"A friend of mine developed an ulcer after only a short time on Celebrex.
","A friend of mine developed an ulcer after only a short time on Celebrex
"
ARTHROTEC.40.txt5,"I do not have any kind of stomach trouble after 8 years.
","I do not have any kind of stomach trouble after 8 years
"
ARTHROTEC.40.txt6,"Would I rather not take it?
","Would I rather not take it
"
ARTHROTEC.40.txt7,"Of course, but I have to be able to get out of the bed in the morning.
","Of course but I have to be able to get out of the bed in the morning
"
ARTHROTEC.40.txt8,"I have blood work done every year to see if there's any kidney, liver damage or anything, and so far there hasn't been any.
","I have blood work done every year to see if theres any kidney liver damage or anything and so far there hasnt been any
"
ARTHROTEC.40.txt9,"I would recommend it.
","I would recommend it
"
ARTHROTEC.10.txt0,"Hunger pangs.
","Hunger pangs
"
ARTHROTEC.10.txt1,"Brilliant, I have a new lease of life, i walk up & down steps properly, no longer sideways like a toddler, hip pain as gone other than if i jar it.
","Brilliant I have a new lease of life i walk up  down steps properly no longer sideways like a toddler hip pain as gone other than if i jar it
"
ARTHROTEC.6.txt0,"It began with stomach pain,then slight nausea, then reflux each time I took a pill.
","It began with stomach painthen slight nausea then reflux each time I took a pill
"
ARTHROTEC.6.txt1,"After the second pill the same progression of symptoms only now the abdominal gas,cramps and pain would be with me all day.
","After the second pill the same progression of symptoms only now the abdominal gascramps and pain would be with me all day
"
ARTHROTEC.6.txt2,"I stopped pills but abdominal cramps persist.
","I stopped pills but abdominal cramps persist
"
ARTHROTEC.6.txt3,"The only good thing I can say about Arthrotec is that I did notice pain relief but I won't put up with the side effects on a daily basis since I spent a long time getting rid of a reflux problem in the past.
","The only good thing I can say about Arthrotec is that I did notice pain relief but I wont put up with the side effects on a daily basis since I spent a long time getting rid of a reflux problem in the past
"
ARTHROTEC.6.txt4,"The abdominal gas,cramps and discomfort are another thing I don't want to see get worse if I keep taking Arthrotec.
","The abdominal gascramps and discomfort are another thing I dont want to see get worse if I keep taking Arthrotec
"
ARTHROTEC.6.txt5,"I've taken Tylenol 3 and never had a problem like this.
","Ive taken Tylenol 3 and never had a problem like this
"
ARTHROTEC.6.txt6,"Perhaps there is something not right yet with Arthrotec.
","Perhaps there is something not right yet with Arthrotec
"
